"GeneSymbol","ModuleColor","ModuleLabel"
"C15orf52","brown",3
"ANTXR1","grey",0
"SLC30A4","grey",0
"SEPT9","grey",0
"VEGFB","grey",0
"LAMB2","grey",0
"BMP5","grey",0
"RHOC","grey",0
"FGFRL1","grey",0
"HIGD1B","grey",0
"FAM107A","brown",3
"ARHGAP19","grey",0
"CACNA1C-AS4","grey",0
"GUCD1","grey",0
"COLEC12","grey",0
"GFAP","grey",0
"SDHC","turquoise",1
"METTL7A","blue",2
"HCAR3","grey",0
"AIFM3","grey",0
"NME4","grey",0
"NDRG2","grey",0
"NFIA","yellow",4
"INPPL1","grey",0
"FCGRT","grey",0
"B2M","grey",0
"EDNRB","grey",0
"EMX2","grey",0
"PPIL4","turquoise",1
"BBOX1","grey",0
"ACOT11","grey",0
"BRAF","red",6
"OR5K3","grey",0
"PHGDH","brown",3
"PBX2","grey",0
"SYTL4","grey",0
"VSIG2","grey",0
"GSDMD","grey",0
"MAGED1","turquoise",1
"DCN","grey",0
"RPPH1","grey",0
"SLC9A3R1","green",5
"CTSH","grey",0
"PAXIP1-AS2","yellow",4
"RAMP1","grey",0
"SNORD108","turquoise",1
"TMED9","turquoise",1
"RPS15A","grey",0
"TNS3","grey",0
"PACSIN3","brown",3
"APOE","grey",0
"SORCS2","grey",0
"IGDCC4","grey",0
"ADGRG1","grey",0
"BRD4","grey",0
"SYNJ1","turquoise",1
"PLCG1","yellow",4
"RPL37A","grey",0
"FAM181B","brown",3
"HEBP2","grey",0
"GOLGA1","grey",0
"PARP10","grey",0
"CBS","grey",0
"KLHL35","turquoise",1
"PIP5K1B","grey",0
"KAT2B","brown",3
"ACAA2","blue",2
"HDAC1","brown",3
"HSD17B14","grey",0
"PLEC","grey",0
"RHOQ","grey",0
"MED8","turquoise",1
"TIMM50","grey",0
"PRKX","brown",3
"SNORD114-13","turquoise",1
"ACSS1","grey",0
"NINL","yellow",4
"RPLP1","grey",0
"NUPR1","grey",0
"PTTG1IP","grey",0
"ADAR","grey",0
"ELFN2","turquoise",1
"RPL39","grey",0
"FBLN7","turquoise",1
"GABRG1","grey",0
"MEF2A","turquoise",1
"UBAP1L","grey",0
"DNALI1","grey",0
"ASCL1","grey",0
"RPL30","grey",0
"RPL35A","grey",0
"SLC4A8","turquoise",1
"PRDX6","grey",0
"MAPK10","turquoise",1
"AEBP1","grey",0
"KCNMA1","turquoise",1
"MSRB3","grey",0
"ZC2HC1C","brown",3
"ID1","grey",0
"DBI","grey",0
"SLC6A12","brown",3
"MOB3C","green",5
"RDH5","grey",0
"PREB","grey",0
"ITGB5","grey",0
"IQCK","brown",3
"RGMA","grey",0
"AHNAK","grey",0
"CKLF","blue",2
"PTPN3","turquoise",1
"TRIM8","grey",0
"ATP2B2","red",6
"ATP1A1","turquoise",1
"PNKD","turquoise",1
"SELK","blue",2
"HBB","grey",0
"SREBF1","grey",0
"ITSN1","grey",0
"DNM3","turquoise",1
"TLCD1","grey",0
"PIANP","turquoise",1
"NWD1","grey",0
"DSE","grey",0
"TCAIM","grey",0
"ATP2A2","turquoise",1
"C11orf31","grey",0
"CARHSP1","brown",3
"HJURP","turquoise",1
"PLEKHH2","blue",2
"AKR1C3","grey",0
"RASL12","grey",0
"NSF","turquoise",1
"RTN3","turquoise",1
"ATP6V1B2","turquoise",1
"MDH1","turquoise",1
"YWHAG","turquoise",1
"DCLK1","turquoise",1
"MOAP1","turquoise",1
"FGF12","turquoise",1
"PAK1","turquoise",1
"PRKCB","turquoise",1
"CHL1","turquoise",1
"TOMM20","turquoise",1
"RGS4","turquoise",1
"NAP1L5","turquoise",1
"CISD1","turquoise",1
"NEFM","turquoise",1
"LMBRD2","turquoise",1
"SMYD2","turquoise",1
"SV2B","turquoise",1
"ATL1","turquoise",1
"GPRASP2","turquoise",1
"SVOP","turquoise",1
"DDN","turquoise",1
"ADAM23","turquoise",1
"UBE2V2","turquoise",1
"GABRG2","turquoise",1
"COPG2IT1","turquoise",1
"CCK","turquoise",1
"ELAVL4","turquoise",1
"ATP6V1A","turquoise",1
"ATP6V1E1","turquoise",1
"CAP2","turquoise",1
"GDAP1","turquoise",1
"UCHL1","turquoise",1
"NCALD","turquoise",1
"ZNF25","turquoise",1
"ATP1B1","turquoise",1
"BCL11A","turquoise",1
"ATP2B1","turquoise",1
"SNCA","turquoise",1
"REEP1","turquoise",1
"NRGN","turquoise",1
"LRRC8B","turquoise",1
"GABBR2","turquoise",1
"ATP6V1C1","turquoise",1
"UBQLN1","turquoise",1
"PSMG3","turquoise",1
"PCSK1","turquoise",1
"VSNL1","turquoise",1
"INA","turquoise",1
"PARM1","turquoise",1
"TSPAN13","turquoise",1
"HPRT1","turquoise",1
"KCNS2","turquoise",1
"GALNT11","turquoise",1
"GOT1","turquoise",1
"PGM2L1","turquoise",1
"SLC30A3","turquoise",1
"NAP1L2","turquoise",1
"RTN1","turquoise",1
"ITFG1","turquoise",1
"YWHAZ","turquoise",1
"SYT13","turquoise",1
"COPG2","turquoise",1
"KCNQ5","turquoise",1
"PDK3","turquoise",1
"MAP2","turquoise",1
"CFLAR","green",5
"KCNS1","turquoise",1
"KCNB1","turquoise",1
"PNMA2","turquoise",1
"CHGA","turquoise",1
"KLC1","turquoise",1
"R3HDM1","turquoise",1
"GRIA3","turquoise",1
"ARHGEF4","turquoise",1
"CNTNAP2","turquoise",1
"CSRNP3","turquoise",1
"NELL1","turquoise",1
"FAXC","turquoise",1
"DNM1L","turquoise",1
"NIPAL2","turquoise",1
"CTXN1","turquoise",1
"SLIT2","turquoise",1
"ENC1","turquoise",1
"GUCY1B3","turquoise",1
"NPTN","turquoise",1
"SERPINI1","turquoise",1
"KCNC2","turquoise",1
"MAP2K4","turquoise",1
"PDP1","turquoise",1
"CDKN2D","turquoise",1
"CCDC184","turquoise",1
"PHF24","turquoise",1
"FAM81A","turquoise",1
"ADRA1B","turquoise",1
"NEFL","turquoise",1
"NLK","turquoise",1
"MLLT11","turquoise",1
"PLPPR4","turquoise",1
"GRIN2A","turquoise",1
"IMP3","blue",2
"NELL2","turquoise",1
"MAPK9","turquoise",1
"GABRB3","turquoise",1
"ARL8B","turquoise",1
"GAD2","turquoise",1
"ARL6IP1","turquoise",1
"RAB27B","turquoise",1
"SNTG1","turquoise",1
"NCEH1","turquoise",1
"FBXO34","turquoise",1
"FAM49A","turquoise",1
"CBLN2","turquoise",1
"TMEM130","turquoise",1
"NEGR1","turquoise",1
"C1QL3","turquoise",1
"STXBP6","turquoise",1
"TMEM268","turquoise",1
"RNF175","turquoise",1
"B4GAT1","turquoise",1
"GLRB","turquoise",1
"LMO3","turquoise",1
"PSAT1","blue",2
"CCND2","turquoise",1
"VSTM2A","turquoise",1
"SCAMP1","turquoise",1
"MEF2C","turquoise",1
"CREG2","turquoise",1
"RIMBP2","turquoise",1
"LCMT1","turquoise",1
"GRIA2","turquoise",1
"SLC2A13","turquoise",1
"WDR47","turquoise",1
"ST6GALNAC5","turquoise",1
"VAMP2","turquoise",1
"BBS2","blue",2
"SAE1","turquoise",1
"ATP9A","turquoise",1
"ATP5B","turquoise",1
"BEX2","turquoise",1
"TSPYL1","turquoise",1
"CAMKV","turquoise",1
"PNMAL1","turquoise",1
"NSMF","turquoise",1
"RAB3C","turquoise",1
"MAP7D2","turquoise",1
"NAP1L3","turquoise",1
"KHDRBS3","turquoise",1
"DLG2","turquoise",1
"CADPS","turquoise",1
"NUDT11","turquoise",1
"KIF3A","turquoise",1
"CHN1","turquoise",1
"THRB","turquoise",1
"TBR1","turquoise",1
"PRPF19","turquoise",1
"NACC2","grey",0
"ATAD1","blue",2
"ACKR3","blue",2
"MIAT","turquoise",1
"LZTFL1","turquoise",1
"SIPA1L2","turquoise",1
"PGK1","turquoise",1
"KRT222","turquoise",1
"C8orf46","turquoise",1
"CDK5R1","turquoise",1
"EZR","grey",0
"SLC25A4","turquoise",1
"RIMKLA","turquoise",1
"SCN2A","red",6
"C16orf45","turquoise",1
"CD99L2","turquoise",1
"GFRA2","turquoise",1
"LRRC7","turquoise",1
"FAM3C","turquoise",1
"PEG3","turquoise",1
"BTBD10","turquoise",1
"HACD3","blue",2
"MYT1L","turquoise",1
"FXYD6","turquoise",1
"THY1","turquoise",1
"DACT3","turquoise",1
"NRG3","turquoise",1
"FAM49B","turquoise",1
"GLS","turquoise",1
"TMEM106B","blue",2
"RAPGEF3","brown",3
"LIN7B","turquoise",1
"CAMTA1","turquoise",1
"PFN2","turquoise",1
"SLC9A6","turquoise",1
"RIN2","grey",0
"MYO5A","turquoise",1
"PPP3CB","turquoise",1
"CAMK2A","turquoise",1
"ATP6V1D","turquoise",1
"BCAS2","blue",2
"C1orf216","turquoise",1
"NECAB1","turquoise",1
"CDC42SE2","turquoise",1
"SLC6A17","turquoise",1
"REEP5","turquoise",1
"PEX11B","turquoise",1
"DYNC1I1","turquoise",1
"CCDC85A","turquoise",1
"PPFIBP1","turquoise",1
"CAMSAP2","turquoise",1
"MAN2B2","turquoise",1
"SUB1","blue",2
"PGAM4","turquoise",1
"AASDHPPT","turquoise",1
"ERC2","turquoise",1
"CXCL14","turquoise",1
"HEPACAM","brown",3
"PPP3CA","turquoise",1
"C11orf87","turquoise",1
"ARHGEF3","turquoise",1
"HIGD1A","turquoise",1
"ATP6AP2","blue",2
"MAST3","turquoise",1
"KIF1BP","blue",2
"TP53BP2","blue",2
"CX3CL1","turquoise",1
"GNA13","grey",0
"SCN8A","turquoise",1
"PREPL","turquoise",1
"PTBP1","green",5
"CDKL5","turquoise",1
"KCNA2","turquoise",1
"PHACTR1","turquoise",1
"CBLN4","turquoise",1
"SCG5","turquoise",1
"TMEM14A","turquoise",1
"DLGAP2","turquoise",1
"STYK1","turquoise",1
"PWAR5","turquoise",1
"PLCB1","turquoise",1
"LDB2","turquoise",1
"VBP1","blue",2
"KIF21A","turquoise",1
"EPB41L3","turquoise",1
"UQCRH","blue",2
"CHM","turquoise",1
"KHDRBS2","turquoise",1
"DDX1","blue",2
"TRIM37","turquoise",1
"OPA1","turquoise",1
"LHX2","turquoise",1
"EPHA4","turquoise",1
"UBQLN2","turquoise",1
"STMN2","red",6
"NAPB","turquoise",1
"STOX1","grey",0
"ZMAT3","turquoise",1
"NECTIN3","turquoise",1
"EGR3","turquoise",1
"COX7A2","blue",2
"ARAF","green",5
"PACSIN1","turquoise",1
"DCTN1","turquoise",1
"GABRA1","turquoise",1
"SPARCL1","blue",2
"ELAVL2","turquoise",1
"RNFT2","turquoise",1
"LY6H","turquoise",1
"TOX","turquoise",1
"VSTM2L","turquoise",1
"ENO2","turquoise",1
"NDUFB5","turquoise",1
"LOC440040","turquoise",1
"NRSN1","turquoise",1
"WASF1","turquoise",1
"TRO","turquoise",1
"STXBP1","red",6
"UBE2E2","turquoise",1
"PNMA6A","turquoise",1
"GDA","turquoise",1
"SCG2","turquoise",1
"ANKRD46","turquoise",1
"ADCY2","turquoise",1
"ZBTB20","yellow",4
"CDH15","yellow",4
"CTDSP2","green",5
"SMAP2","turquoise",1
"MYCBP2","turquoise",1
"TUSC3","turquoise",1
"SYT1","turquoise",1
"NECAP1","turquoise",1
"HIVEP2","turquoise",1
"C3orf14","turquoise",1
"TUBB3","turquoise",1
"QPCT","turquoise",1
"EIF1AX","blue",2
"PTDSS1","blue",2
"ADGRL2","turquoise",1
"OCRL","turquoise",1
"SLC17A6","turquoise",1
"KLHL42","turquoise",1
"HMP19","turquoise",1
"RPL21","grey",0
"KCNQ3","turquoise",1
"FAM162B","turquoise",1
"CERKL","yellow",4
"TANGO2","turquoise",1
"ZIC4","yellow",4
"STEAP2","turquoise",1
"ZNF770","blue",2
"TCEAL7","turquoise",1
"PLPPR5","turquoise",1
"RAB6B","turquoise",1
"RAB6A","turquoise",1
"CALD1","grey",0
"MAL2","turquoise",1
"RANBP6","blue",2
"PSMC6","blue",2
"MFSD6","turquoise",1
"SYBU","turquoise",1
"ARHGEF9","turquoise",1
"MTX2","turquoise",1
"GABARAPL1","turquoise",1
"NKIRAS1","turquoise",1
"AKAP11","turquoise",1
"SCN3B","turquoise",1
"LRP11","turquoise",1
"HTRA1","brown",3
"PGAM1","turquoise",1
"SARAF","blue",2
"STOML1","turquoise",1
"RPL13AP5","grey",0
"ARHGAP32","turquoise",1
"NTN4","turquoise",1
"RFK","turquoise",1
"REPS2","turquoise",1
"ST8SIA3","turquoise",1
"NDFIP1","turquoise",1
"GPR26","turquoise",1
"MCHR2","turquoise",1
"TMEM14B","blue",2
"C5orf22","turquoise",1
"NETO1","turquoise",1
"ZFAND5","blue",2
"WSB2","turquoise",1
"CD83","turquoise",1
"SLC39A10","turquoise",1
"RHOBTB2","turquoise",1
"SCN2B","turquoise",1
"CHD7","yellow",4
"ATP1A2","grey",0
"CDC42EP4","yellow",4
"ABLIM2","turquoise",1
"MKL2","turquoise",1
"UQCRQ","blue",2
"ITM2C","turquoise",1
"CSRP1","brown",3
"UQCRFS1","blue",2
"MYL12A","grey",0
"CCKBR","turquoise",1
"DACH2","turquoise",1
"PRKCE","turquoise",1
"CDH13","turquoise",1
"AGTPBP1","turquoise",1
"GNG3","turquoise",1
"SH3BGRL","turquoise",1
"LAMP5","turquoise",1
"PAQR9","turquoise",1
"USP11","turquoise",1
"ZFR2","turquoise",1
"PSD2","grey",0
"MYH10","turquoise",1
"HDAC11","turquoise",1
"ADSS","turquoise",1
"RPS13","grey",0
"YBX1","green",5
"C1orf115","turquoise",1
"BTG1","yellow",4
"EMC7","blue",2
"GRM5","turquoise",1
"KIAA1211L","turquoise",1
"NEDD8","blue",2
"UBTD2","yellow",4
"CPE","blue",2
"TAGLN3","turquoise",1
"LRFN5","turquoise",1
"PEG3-AS1","turquoise",1
"KLHDC3","turquoise",1
"FZD7","yellow",4
"KCTD16","turquoise",1
"SPRYD3","turquoise",1
"RAB2A","turquoise",1
"THUMPD1","blue",2
"AK3","blue",2
"TBRG1","turquoise",1
"AK5","turquoise",1
"ABHD10","turquoise",1
"SKP1","turquoise",1
"CACNA2D3","turquoise",1
"KPNA4","blue",2
"SLC25A18","brown",3
"C2orf80","turquoise",1
"RPL17","grey",0
"MAGEE1","turquoise",1
"LOC100128651","turquoise",1
"ZDHHC23","turquoise",1
"ARFGEF1","blue",2
"VDAC3","turquoise",1
"BNIP3L","blue",2
"OXR1","turquoise",1
"CAB39","turquoise",1
"STAT4","turquoise",1
"SNX10","turquoise",1
"RTFDC1","blue",2
"ZIC3","yellow",4
"DNAJC19","blue",2
"TRAPPC6B","turquoise",1
"PTPRN","turquoise",1
"E2F3","turquoise",1
"AKAP6","turquoise",1
"MORF4L2","turquoise",1
"AQP4","grey",0
"BZW2","turquoise",1
"KRAS","turquoise",1
"MALSU1","blue",2
"WRB","blue",2
"CYP46A1","turquoise",1
"OPCML","turquoise",1
"OLFM1","turquoise",1
"TENM2","turquoise",1
"VDAC2","turquoise",1
"TXN","blue",2
"WDR13","turquoise",1
"LMO4","turquoise",1
"UQCRHL","blue",2
"GAD1","turquoise",1
"SRGAP2","yellow",4
"HS6ST3","turquoise",1
"SLIRP","blue",2
"C17orf96","turquoise",1
"RAB40B","turquoise",1
"SPTSSB","turquoise",1
"RANBP3L","grey",0
"ALS2","yellow",4
"DLG3","turquoise",1
"UBLCP1","turquoise",1
"TMSB10","turquoise",1
"SRI","blue",2
"MYADM","turquoise",1
"DPYSL3","turquoise",1
"RPL18A","grey",0
"ZNF204P","turquoise",1
"TMEM126B","blue",2
"SLC17A7","turquoise",1
"COX7A2L","turquoise",1
"HCCS","turquoise",1
"NDEL1","turquoise",1
"NRCAM","turquoise",1
"SYN2","turquoise",1
"TCEB1","blue",2
"RFPL1S","turquoise",1
"C2orf69","turquoise",1
"TEAD2","grey",0
"UNC5D","turquoise",1
"VPS35","turquoise",1
"ITPKB","brown",3
"LAMTOR5","blue",2
"RBFOX2","red",6
"CALM1","turquoise",1
"YWHAH","turquoise",1
"SLC35F1","turquoise",1
"NDFIP2","turquoise",1
"PEX5L","turquoise",1
"B4GALT6","red",6
"CLTC","blue",2
"FAM19A2","turquoise",1
"ASNS","turquoise",1
"NUDT21","turquoise",1
"RGS7BP","turquoise",1
"RPS3A","grey",0
"ERICH3","turquoise",1
"ACAT1","blue",2
"RAB3GAP1","turquoise",1
"SLC8A1","turquoise",1
"DYNC1LI1","turquoise",1
"AMPH","turquoise",1
"FSCN1","brown",3
"NME5","turquoise",1
"G3BP2","turquoise",1
"CCDC175","yellow",4
"SUCLA2","turquoise",1
"DMRTC1","turquoise",1
"TMEM132D","turquoise",1
"KIAA1549L","turquoise",1
"GLUD1","blue",2
"NARS","turquoise",1
"BEX5","turquoise",1
"ATP6V1G2","red",6
"SLC4A10","turquoise",1
"PRDM8","turquoise",1
"TIPRL","turquoise",1
"EIF4E3","turquoise",1
"SLITRK4","red",6
"PALM2","brown",3
"GRIN2C","yellow",4
"CPNE4","turquoise",1
"RASGRP1","red",6
"RAB11FIP2","blue",2
"PNMA3","turquoise",1
"DYNLT3","turquoise",1
"PRPS2","turquoise",1
"RTN4","turquoise",1
"TGFB2","blue",2
"NBPF15","green",5
"CHD5","turquoise",1
"FAM234B","turquoise",1
"FAM19A1","turquoise",1
"TSEN15","turquoise",1
"CD47","turquoise",1
"ZIC2","yellow",4
"BHLHB9","turquoise",1
"AP2M1","turquoise",1
"SH3GL2","turquoise",1
"BEND6","turquoise",1
"KCNJ10","brown",3
"CCNA1","turquoise",1
"NSUN5","green",5
"ATP2C1","turquoise",1
"TMX4","turquoise",1
"DNAJB14","turquoise",1
"NECAP2","green",5
"MYT1","yellow",4
"ALDH2","grey",0
"HECW1","turquoise",1
"ADARB1","red",6
"MXD4","green",5
"MRAP2","turquoise",1
"NDRG3","red",6
"NAGPA","turquoise",1
"OMG","turquoise",1
"BASP1","turquoise",1
"RBFOX1","red",6
"CACNG3","turquoise",1
"SNAP91","turquoise",1
"PCBP2","yellow",4
"CCDC53","blue",2
"PDCD6","blue",2
"TMEM44","turquoise",1
"LRRC6","turquoise",1
"TMEM47","turquoise",1
"BRINP2","turquoise",1
"TRUB1","turquoise",1
"GABRA6","yellow",4
"PCDH7","turquoise",1
"C14orf2","turquoise",1
"SFXN5","grey",0
"POLR2F","blue",2
"CLSTN2","turquoise",1
"MARCKS","blue",2
"ADGRV1","grey",0
"KCNF1","turquoise",1
"RAB22A","turquoise",1
"SLC1A2","turquoise",1
"ATP5J","blue",2
"ST3GAL5","blue",2
"SLITRK5","turquoise",1
"PALM2-AKAP2","turquoise",1
"PAX6","yellow",4
"RPL31","grey",0
"GNG2","turquoise",1
"LYSMD2","turquoise",1
"CTDSPL","yellow",4
"MYO10","brown",3
"CMAS","turquoise",1
"PITHD1","turquoise",1
"FAM58A","turquoise",1
"PDCD10","blue",2
"PELI3","turquoise",1
"STRAP","blue",2
"VPS50","turquoise",1
"ANK2","turquoise",1
"CAMK2N1","turquoise",1
"RIMS3","turquoise",1
"CKMT1A","red",6
"FEZ2","blue",2
"PCMT1","turquoise",1
"SATB2","turquoise",1
"FAM103A1","turquoise",1
"SLC12A5","turquoise",1
"GPI","turquoise",1
"EXPH5","yellow",4
"FRMPD4","turquoise",1
"AMOT","grey",0
"MICU3","turquoise",1
"GCC2","turquoise",1
"DUSP26","turquoise",1
"MAP2K1","turquoise",1
"SMC1A","green",5
"MSRA","yellow",4
"COPS5","blue",2
"ACP1","turquoise",1
"CIDEA","turquoise",1
"LINGO1","turquoise",1
"BTF3L4","turquoise",1
"FGF13","turquoise",1
"SORCS1","turquoise",1
"SEC23A","turquoise",1
"PCNP","blue",2
"GDF11","green",5
"OIP5-AS1","turquoise",1
"PFKM","blue",2
"ZNF215","turquoise",1
"TMOD2","turquoise",1
"PLPP3","grey",0
"PRRG1","brown",3
"ELOVL4","turquoise",1
"HNRNPH1","yellow",4
"ACTN2","turquoise",1
"PON2","grey",0
"RPL21P28","grey",0
"HIBADH","blue",2
"SORT1","brown",3
"TOMM70","turquoise",1
"OXCT1","turquoise",1
"RAB18","blue",2
"BEND5","turquoise",1
"RALYL","turquoise",1
"PNCK","turquoise",1
"PATJ","yellow",4
"UROS","turquoise",1
"CALY","turquoise",1
"NOMO2","turquoise",1
"PSMA5","blue",2
"SERINC1","blue",2
"WLS","turquoise",1
"CDKL1","turquoise",1
"OSBPL6","turquoise",1
"SCAMP5","turquoise",1
"PRMT8","turquoise",1
"ARL2BP","blue",2
"COX7C","blue",2
"LRRTM4","turquoise",1
"SSX2IP","turquoise",1
"YPEL5","turquoise",1
"HSPA13","turquoise",1
"RPL24","grey",0
"TMEM55A","blue",2
"PSMC2","blue",2
"SLC25A12","turquoise",1
"PAPSS1","turquoise",1
"NDUFA4","blue",2
"HADHB","blue",2
"MTCH1","turquoise",1
"EPHA5","turquoise",1
"DNAJA2","turquoise",1
"SACS","turquoise",1
"C5orf51","blue",2
"CTNNA2","turquoise",1
"EBNA1BP2","turquoise",1
"HSPB3","turquoise",1
"ALDH7A1","blue",2
"CREBBP","green",5
"TOMM34","turquoise",1
"SCN1A","turquoise",1
"GOT2","turquoise",1
"PRDX1","blue",2
"POPDC3","turquoise",1
"SEH1L","turquoise",1
"PFDN4","turquoise",1
"CHCHD4","blue",2
"NEUROD1","yellow",4
"PRDX5","blue",2
"LANCL1","turquoise",1
"RPS29","grey",0
"MCF2","turquoise",1
"CCDC47","blue",2
"PTEN","grey",0
"DCUN1D4","turquoise",1
"CHMP5","turquoise",1
"POLR3K","blue",2
"ACSBG1","grey",0
"CUL4B","blue",2
"ACSL4","turquoise",1
"TMEM132B","turquoise",1
"SCOC","blue",2
"FAM217B","turquoise",1
"SLC25A11","turquoise",1
"INSM2","turquoise",1
"CCNJL","yellow",4
"ADAMTS8","turquoise",1
"TPRG1L","turquoise",1
"LRRC49","turquoise",1
"ATP5A1","turquoise",1
"RIDA","grey",0
"KANSL1","yellow",4
"NTRK2","grey",0
"GOLT1B","blue",2
"PPP1R14C","turquoise",1
"TMEM123","brown",3
"IHH","turquoise",1
"NDUFB6","blue",2
"COPS8","turquoise",1
"ARL6","turquoise",1
"SALL3","grey",0
"RNU11","green",5
"HSDL2","blue",2
"PPM1E","turquoise",1
"ADCYAP1","turquoise",1
"GJB6","grey",0
"AKAP13","turquoise",1
"BSCL2","turquoise",1
"CASC15","turquoise",1
"CRTAM","yellow",4
"PSD","turquoise",1
"CLNS1A","blue",2
"TRAPPC11","blue",2
"DPM1","blue",2
"SPIDR","turquoise",1
"RAPGEF2","turquoise",1
"NRXN3","red",6
"UQCRC2","turquoise",1
"CHRM3","turquoise",1
"RAP2A","turquoise",1
"NUDT10","turquoise",1
"PPP1R3F","turquoise",1
"GRIA1","turquoise",1
"CPXM1","grey",0
"MCFD2","blue",2
"YWHAB","turquoise",1
"NDUFS5","turquoise",1
"MKX","turquoise",1
"TMEM141","turquoise",1
"GPRASP1","turquoise",1
"DPYSL2","blue",2
"PIAS4","green",5
"EPHB6","turquoise",1
"PGRMC1","turquoise",1
"PDLIM7","turquoise",1
"GOLIM4","brown",3
"AZIN1","blue",2
"FAM213A","blue",2
"PTAR1","grey",0
"PTRF","grey",0
"NUAK1","turquoise",1
"SPEN","yellow",4
"SERPINF1","turquoise",1
"GJA1","grey",0
"PTER","turquoise",1
"BNIP2","grey",0
"TSPAN7","turquoise",1
"SLC16A14","turquoise",1
"SNORD114-19","turquoise",1
"TUBA4A","turquoise",1
"LONRF2","red",6
"PTPRO","turquoise",1
"MRPS21","turquoise",1
"ZNF224","green",5
"PTPRK","turquoise",1
"DDAH1","blue",2
"MRPL15","turquoise",1
"PELI2","yellow",4
"CCNC","turquoise",1
"JMJD1C","grey",0
"WDR12","turquoise",1
"PSMB7","turquoise",1
"NEFH","turquoise",1
"NDUFV2","turquoise",1
"TMEM179B","brown",3
"PRNP","turquoise",1
"CDR2L","yellow",4
"NPM3","turquoise",1
"C19orf12","turquoise",1
"PPP2CA","turquoise",1
"PSMD14","blue",2
"ARHGEF7","red",6
"TRIM23","turquoise",1
"SLC39A12","grey",0
"TBC1D9","red",6
"BNIP3","turquoise",1
"SOX9","grey",0
"RSPO2","turquoise",1
"TAX1BP1","turquoise",1
"MRPL51","blue",2
"EFCAB7","turquoise",1
"FAR2","turquoise",1
"GSTA4","turquoise",1
"DCAF6","turquoise",1
"ANO3","turquoise",1
"ATP5O","blue",2
"RAB10","blue",2
"SLC1A3","grey",0
"SOS1","yellow",4
"NDN","turquoise",1
"HMGCLL1","turquoise",1
"ABLIM1","yellow",4
"FAM199X","blue",2
"YAP1","grey",0
"NR2E1","turquoise",1
"ARHGAP44","turquoise",1
"NDUFB3","blue",2
"NETO2","turquoise",1
"PMVK","blue",2
"DPF3","yellow",4
"WBP4","blue",2
"CNPY1","yellow",4
"NCAM2","turquoise",1
"PTPRT","turquoise",1
"PKNOX2","turquoise",1
"EAF1","blue",2
"ETNPPL","grey",0
"EPB41","yellow",4
"RANGAP1","turquoise",1
"CACNA1E","turquoise",1
"TRABD","green",5
"PCMTD1","blue",2
"ATP5G1","turquoise",1
"EPT1","blue",2
"RTCA","turquoise",1
"CDHR2","green",5
"TIAL1","grey",0
"CDO1","blue",2
"USP3","yellow",4
"BTBD1","blue",2
"PPFIA2","turquoise",1
"CFAP36","turquoise",1
"RPL26","grey",0
"GABRD","red",6
"STX12","blue",2
"RRP36","turquoise",1
"PLEKHA1","turquoise",1
"ANKMY2","turquoise",1
"FAM131A","turquoise",1
"PAK3","turquoise",1
"CHCHD6","turquoise",1
"UBE2N","turquoise",1
"SH2D5","turquoise",1
"TSPYL5","turquoise",1
"OSBPL8","turquoise",1
"FGFR3","grey",0
"XK","turquoise",1
"MGST3","blue",2
"CRNKL1","yellow",4
"CALM3","turquoise",1
"DPYSL4","turquoise",1
"EPHB1","yellow",4
"TOLLIP","turquoise",1
"BLCAP","turquoise",1
"PDGFRB","grey",0
"PET100","blue",2
"PRKAR1A","turquoise",1
"APCDD1","grey",0
"MPP6","turquoise",1
"FOCAD","turquoise",1
"SLBP","turquoise",1
"NGEF","turquoise",1
"VPS41","turquoise",1
"ID2","turquoise",1
"TMED7","blue",2
"UROD","blue",2
"ZBTB46","green",5
"PHB","grey",0
"NFKBIA","green",5
"NME1","turquoise",1
"STXBP5","turquoise",1
"RPL23AP53","turquoise",1
"RPL12","grey",0
"EIF4G2","blue",2
"TMEM155","turquoise",1
"HSD11B1L","turquoise",1
"ZNF358","grey",0
"COL13A1","yellow",4
"BRK1","grey",0
"ACBD7","grey",0
"NCKAP1","turquoise",1
"TRPC1","turquoise",1
"FBXW7","turquoise",1
"LRRC4C","turquoise",1
"NDUFA9","turquoise",1
"AKTIP","blue",2
"CNTNAP1","turquoise",1
"CHN2","yellow",4
"ASTN1","turquoise",1
"TARBP1","turquoise",1
"RPS27","grey",0
"CDH9","turquoise",1
"CAMK2G","turquoise",1
"FGF2","grey",0
"GLCE","blue",2
"PRICKLE2","turquoise",1
"UQCC1","turquoise",1
"REV1","blue",2
"SRSF3","blue",2
"NDUFA3","turquoise",1
"ZNF658","turquoise",1
"FRRS1L","red",6
"LINC00599","red",6
"MAGEH1","blue",2
"CBLB","yellow",4
"FLOT2","turquoise",1
"NLGN4X","turquoise",1
"CFH","grey",0
"RORB","turquoise",1
"AGA","turquoise",1
"GPM6B","blue",2
"EFTUD2","turquoise",1
"PITPNC1","grey",0
"TAB2","blue",2
"MRO","grey",0
"SASH1","grey",0
"KCNIP4","turquoise",1
"GABRB1","turquoise",1
"MTX3","blue",2
"USP17L26","turquoise",1
"FBXL2","turquoise",1
"SHC3","turquoise",1
"DDB1","blue",2
"SNAP47","turquoise",1
"TYK2","green",5
"FOXN3","yellow",4
"AHCYL1","grey",0
"SLC36A1","yellow",4
"PDS5B","turquoise",1
"PCCB","turquoise",1
"RAB4A","blue",2
"GAP43","turquoise",1
"EXTL2","turquoise",1
"ATRN","turquoise",1
"UCHL5","turquoise",1
"ACACB","grey",0
"F3","turquoise",1
"SPIN4","turquoise",1
"CERS1","brown",3
"RUFY3","turquoise",1
"ATG16L1","red",6
"NOL4","turquoise",1
"BLVRB","turquoise",1
"RRBP1","brown",3
"KCNA4","turquoise",1
"TRAPPC5","turquoise",1
"ISCU","turquoise",1
"ACOT13","turquoise",1
"USP5","turquoise",1
"SYTL2","turquoise",1
"CHPT1","blue",2
"CAMK4","red",6
"MBNL2","turquoise",1
"AP2S1","turquoise",1
"ALDH9A1","blue",2
"NBL1","turquoise",1
"RAB11FIP5","turquoise",1
"TANC2","turquoise",1
"SEPT3","turquoise",1
"TUBB2A","turquoise",1
"PNMA1","turquoise",1
"RPRML","turquoise",1
"CHGB","red",6
"CDC40","turquoise",1
"NUDCD2","blue",2
"HYAL3","turquoise",1
"ENOPH1","blue",2
"RXRA","grey",0
"PRKCI","turquoise",1
"GLRX5","blue",2
"COX5B","turquoise",1
"GPAM","grey",0
"TLN2","turquoise",1
"GABRA3","turquoise",1
"RPS12","grey",0
"BCAP31","turquoise",1
"RUNDC1","turquoise",1
"EXTL1","turquoise",1
"PAN3","yellow",4
"FAM213B","turquoise",1
"PTP4A1","turquoise",1
"CDS2","turquoise",1
"VAMP4","turquoise",1
"NLGN3","blue",2
"CKAP5","turquoise",1
"PPARGC1A","turquoise",1
"GABRA4","turquoise",1
"C12orf76","turquoise",1
"LAMP1","blue",2
"PPP1R2","turquoise",1
"CD81","brown",3
"ATP5H","turquoise",1
"NDUFAB1","turquoise",1
"ATXN7L3","turquoise",1
"RFTN2","brown",3
"OAT","turquoise",1
"CISD2","blue",2
"KHDRBS1","blue",2
"LSM4","turquoise",1
"LRP3","turquoise",1
"RPL7","grey",0
"GLS2","turquoise",1
"PIN1","turquoise",1
"LETM2","yellow",4
"DGKB","turquoise",1
"RAB5A","blue",2
"SLC16A9","yellow",4
"NTNG1","turquoise",1
"CBLN1","yellow",4
"NCS1","turquoise",1
"FAM188A","turquoise",1
"PCDH9","brown",3
"FAM98A","turquoise",1
"CLK4","yellow",4
"SOX5","turquoise",1
"EFNB3","turquoise",1
"DECR1","grey",0
"CCDC92","turquoise",1
"CAMK1D","turquoise",1
"MDGA2","turquoise",1
"UBP1","blue",2
"SPINT2","turquoise",1
"KCND2","turquoise",1
"PLXNB1","brown",3
"SERPINB6","green",5
"WTH3DI","turquoise",1
"C10orf35","turquoise",1
"SOX21","blue",2
"PLEKHB1","brown",3
"CACNA2D1","turquoise",1
"LINC00403","turquoise",1
"CACHD1","turquoise",1
"KCNK1","turquoise",1
"VPS29","blue",2
"DTNA","grey",0
"DUOX1","yellow",4
"SNU13","turquoise",1
"SNAP25","turquoise",1
"MAPKAPK3","brown",3
"FAT2","yellow",4
"RNF152","yellow",4
"COX14","blue",2
"SPAST","blue",2
"SLC30A9","blue",2
"LRIG1","grey",0
"PTBP2","blue",2
"HS6ST2","turquoise",1
"SCARB2","brown",3
"POU3F2","turquoise",1
"CACNA1C","turquoise",1
"RAPGEF5","turquoise",1
"CAT","grey",0
"CARMIL1","grey",0
"RPS3","grey",0
"WWC1","turquoise",1
"GPR22","turquoise",1
"RBBP7","turquoise",1
"PHF10","green",5
"ACTG1P4","turquoise",1
"SYP","turquoise",1
"SNRNP27","blue",2
"BEX1","turquoise",1
"CADM2","blue",2
"SMS","turquoise",1
"DYNLL1","turquoise",1
"TMEM241","turquoise",1
"IGFBP7","grey",0
"NDUFS4","blue",2
"UBE2M","turquoise",1
"NEK1","blue",2
"ZDHHC17","blue",2
"STAU2","turquoise",1
"PHTF1","turquoise",1
"NIPA1","turquoise",1
"CCDC6","turquoise",1
"BPGM","blue",2
"CIT","turquoise",1
"NPIPB5","green",5
"ARHGAP24","turquoise",1
"CNR1","turquoise",1
"PLEKHA5","turquoise",1
"MAPK1","turquoise",1
"VIM","grey",0
"GAPVD1","blue",2
"DNER","blue",2
"CAPNS1","turquoise",1
"AADAT","turquoise",1
"BMPR1B","grey",0
"MEGF11","yellow",4
"UNC50","blue",2
"ZNF697","turquoise",1
"PLCL2","turquoise",1
"RAB3IP","yellow",4
"EHD2","grey",0
"CYC1","turquoise",1
"ALDH1L1","grey",0
"ATP6V1G1","turquoise",1
"NDUFA2","blue",2
"SLC41A3","turquoise",1
"CSMD1","turquoise",1
"LENG8","green",5
"CETN2","turquoise",1
"HIF1AN","turquoise",1
"PFKFB2","turquoise",1
"CNTN1","turquoise",1
"FAM171B","turquoise",1
"GPT2","grey",0
"PTK2B","turquoise",1
"ACTR6","turquoise",1
"HECTD4","turquoise",1
"HECW2","turquoise",1
"MRAS","brown",3
"RBCK1","green",5
"IQCA1","turquoise",1
"ATF7IP","yellow",4
"TNFAIP8L3","turquoise",1
"LSAMP","turquoise",1
"PHLPP1","brown",3
"UHMK1","turquoise",1
"LRP4","grey",0
"PMPCB","blue",2
"PLS3","brown",3
"DGKD","yellow",4
"NPM2","turquoise",1
"MIR100HG","turquoise",1
"SMIM13","turquoise",1
"PDE8A","brown",3
"ZFP36L2","brown",3
"TLK1","turquoise",1
"PRKAR1B","turquoise",1
"PURB","blue",2
"CKMT1B","red",6
"FAM134B","turquoise",1
"SGIP1","turquoise",1
"FAIM2","turquoise",1
"PCP4","turquoise",1
"FLRT2","turquoise",1
"SLC26A5","yellow",4
"AKT2","green",5
"MEAF6","turquoise",1
"ACSL3","turquoise",1
"ARL1","turquoise",1
"CORO6","turquoise",1
"WDR37","turquoise",1
"MRPL46","blue",2
"PIP4K2C","turquoise",1
"NPEPPS","turquoise",1
"S1PR1","grey",0
"ETV1","yellow",4
"RASD2","turquoise",1
"KCNK2","turquoise",1
"LAPTM4B","turquoise",1
"TMEM158","turquoise",1
"PRKCA","turquoise",1
"RAB39B","turquoise",1
"TIMM23","turquoise",1
"UQCC2","turquoise",1
"DMTN","turquoise",1
"RAB31","brown",3
"MTMR9","turquoise",1
"MIF","turquoise",1
"AGBL4","turquoise",1
"MPC1","blue",2
"SEMA3A","turquoise",1
"SKAP2","turquoise",1
"SLC2A4RG","yellow",4
"TPM1","turquoise",1
"GPR37L1","brown",3
"TMEM219","blue",2
"WBP2","turquoise",1
"C14orf166","blue",2
"KLF12","turquoise",1
"CD27-AS1","turquoise",1
"TPGS2","turquoise",1
"PLEKHM3","turquoise",1
"GARS","turquoise",1
"ZNRF3","grey",0
"FAM60A","grey",0
"THOC7","turquoise",1
"RPL27A","grey",0
"PCSK2","turquoise",1
"CAP1","turquoise",1
"PGM1","blue",2
"ENY2","blue",2
"C6orf136","turquoise",1
"RNASEK","turquoise",1
"ITPR2","grey",0
"FOXJ3","turquoise",1
"DIXDC1","yellow",4
"NDUFS2","blue",2
"G3BP1","blue",2
"CNN3","grey",0
"CCDC189","turquoise",1
"COX5A","turquoise",1
"EIF3M","turquoise",1
"NHLRC3","blue",2
"GABRB2","red",6
"PDF","turquoise",1
"SKI","yellow",4
"LACC1","brown",3
"PDE4D","turquoise",1
"VCPKMT","turquoise",1
"ARNT2","turquoise",1
"UBL3","turquoise",1
"TUBB4B","turquoise",1
"NUCB1","turquoise",1
"WFS1","grey",0
"ATP2B3","turquoise",1
"TOR1AIP1","blue",2
"BMPR2","blue",2
"BGN","grey",0
"SHPRH","yellow",4
"CCPG1","turquoise",1
"ZFP36L1","grey",0
"TSPAN3","blue",2
"CNTNAP5","turquoise",1
"DHRS11","turquoise",1
"LINGO2","turquoise",1
"MYBPC1","brown",3
"PALLD","grey",0
"GGNBP2","blue",2
"ITPKA","turquoise",1
"WDR7","turquoise",1
"EHBP1","turquoise",1
"CDK11A","green",5
"SRRD","turquoise",1
"TCEAL2","turquoise",1
"FAM102B","turquoise",1
"PDXK","turquoise",1
"PNPLA6","turquoise",1
"PRPSAP1","blue",2
"FHOD3","turquoise",1
"SPIN1","turquoise",1
"SNX3","blue",2
"CELSR2","turquoise",1
"SERPINA3","grey",0
"MTPN","turquoise",1
"NMNAT2","grey",0
"TMEM167A","blue",2
"SLAIN1","brown",3
"DOCK10","brown",3
"PPP4R4","turquoise",1
"TOP2B","blue",2
"SPOCK3","brown",3
"TRMT10C","turquoise",1
"TMEM91","grey",0
"FAF2","turquoise",1
"YARS","turquoise",1
"FZD9","brown",3
"GLDN","brown",3
"LRPPRC","turquoise",1
"BBS7","turquoise",1
"HRASLS","turquoise",1
"PIK3R1","turquoise",1
"OGT","blue",2
"RASAL2","turquoise",1
"FAT1","grey",0
"FAM72A","yellow",4
"RUNX1T1","yellow",4
"NDUFAF7","turquoise",1
"GHITM","turquoise",1
"DRP2","turquoise",1
"MSI1","grey",0
"NR2F2","grey",0
"GCLC","blue",2
"MPP1","turquoise",1
"HSPA9","blue",2
"IL17D","grey",0
"UGGT2","turquoise",1
"COASY","turquoise",1
"LMLN","turquoise",1
"POLR3A","turquoise",1
"RPS6KC1","turquoise",1
"ORC5","turquoise",1
"ERICH1","blue",2
"NDUFAF4","turquoise",1
"DPP10","turquoise",1
"RCAN2","turquoise",1
"GATM","brown",3
"DOK6","turquoise",1
"HAGH","turquoise",1
"IMPA1","turquoise",1
"PTPRZ1","grey",0
"MRPL35","turquoise",1
"IL16","yellow",4
"GSTO1","turquoise",1
"CST3","grey",0
"IMMT","blue",2
"FBXL16","turquoise",1
"LPP","grey",0
"FAM13C","brown",3
"PNPLA8","blue",2
"NDUFA8","turquoise",1
"LYPD8","turquoise",1
"ZDHHC21","turquoise",1
"MRPL3","blue",2
"CDKL2","turquoise",1
"C1orf61","grey",0
"MT3","grey",0
"MAP9","turquoise",1
"NEDD4L","red",6
"GABRA5","turquoise",1
"SLC32A1","turquoise",1
"CANX","turquoise",1
"RGL1","turquoise",1
"LYRM7","turquoise",1
"FN1","grey",0
"STAMBPL1","turquoise",1
"VSX1","yellow",4
"SCG3","turquoise",1
"RNASEH2B","turquoise",1
"CPNE8","turquoise",1
"TM6SF1","turquoise",1
"CHMP4B","turquoise",1
"ADORA2A","green",5
"ADAMTS18","yellow",4
"MLLT6","grey",0
"SNHG1","yellow",4
"TRIM36","turquoise",1
"MTMR4","turquoise",1
"INTS10","blue",2
"NAT8L","turquoise",1
"SPCS3","turquoise",1
"SNORD17","green",5
"PLXDC2","brown",3
"ASPSCR1","grey",0
"GSTK1","turquoise",1
"ZBED8","grey",0
"PLCL1","brown",3
"METTL9","turquoise",1
"TCEAL5","turquoise",1
"KLHL24","grey",0
"KCNT2","turquoise",1
"HLF","turquoise",1
"SELENBP1","grey",0
"RMND5A","yellow",4
"SNRPA1","blue",2
"KCTD3","yellow",4
"ZNF521","yellow",4
"MIR548I1","turquoise",1
"GUCY1A3","turquoise",1
"SRPK2","turquoise",1
"FH","turquoise",1
"ZMAT4","turquoise",1
"MTA2","green",5
"ITPK1","brown",3
"RPS9","grey",0
"LARP6","brown",3
"GUCY1A2","turquoise",1
"TJAP1","brown",3
"CYBRD1","grey",0
"ERGIC2","blue",2
"GCA","turquoise",1
"PPP1R3C","turquoise",1
"SNORD114-2","turquoise",1
"CUX2","turquoise",1
"HNRNPH3","grey",0
"SMAD4","grey",0
"CHST15","turquoise",1
"C2orf47","blue",2
"ARL2","turquoise",1
"FHL2","turquoise",1
"POGZ","yellow",4
"PPCS","blue",2
"ROMO1","blue",2
"PAXIP1","yellow",4
"HMGN1","blue",2
"SLC48A1","brown",3
"AP1M1","turquoise",1
"FAM126B","turquoise",1
"VMA21","turquoise",1
"NBPF14","green",5
"MRPL41","turquoise",1
"ALDH6A1","grey",0
"ELMOD1","turquoise",1
"KCTD13","grey",0
"EPS15","turquoise",1
"SPAG7","turquoise",1
"OPN3","turquoise",1
"SUSD4","turquoise",1
"PRKAA2","turquoise",1
"SELT","turquoise",1
"TMEM74B","turquoise",1
"BTRC","turquoise",1
"LINC01551","turquoise",1
"MUT","blue",2
"NPC2","brown",3
"C1QTNF5","brown",3
"TP53INP1","grey",0
"MFGE8","grey",0
"PTS","turquoise",1
"ACACA","turquoise",1
"VAMP1","turquoise",1
"NEUROD6","turquoise",1
"IARS","turquoise",1
"SESN3","blue",2
"SOX8","brown",3
"RNU4-2","grey",0
"SETD6","yellow",4
"CAND1","turquoise",1
"NDUFA1","blue",2
"ZFAND6","blue",2
"DSTN","turquoise",1
"IMP4","turquoise",1
"C2orf76","blue",2
"HABP4","turquoise",1
"ZNF532","grey",0
"WDR61","turquoise",1
"CCDC91","turquoise",1
"CLDN5","grey",0
"NCDN","turquoise",1
"GPX4","turquoise",1
"SYT17","turquoise",1
"POLB","yellow",4
"ALCAM","brown",3
"MAT2B","turquoise",1
"SH3KBP1","turquoise",1
"CYFIP2","turquoise",1
"CHAMP1","blue",2
"FAM162A","turquoise",1
"IFI27L2","brown",3
"MBNL1","turquoise",1
"PSMG1","turquoise",1
"RBM5","blue",2
"PIEZO2","brown",3
"CGNL1","brown",3
"MMD","blue",2
"AP3M2","turquoise",1
"MFSD1","blue",2
"MCL1","green",5
"VPS36","turquoise",1
"TBL1X","brown",3
"EEF1A2","turquoise",1
"SFT2D2","brown",3
"NEK11","turquoise",1
"APBA2","turquoise",1
"MICU1","turquoise",1
"TRAK1","grey",0
"UBR3","turquoise",1
"ACTN1","turquoise",1
"RGS11","green",5
"FOXO1","grey",0
"TMEM203","blue",2
"GRAMD1C","blue",2
"PPP2R5A","blue",2
"RNF122","yellow",4
"MZT1","turquoise",1
"TEX2","turquoise",1
"RPS17","grey",0
"RNU4-1","grey",0
"MERTK","grey",0
"EFHD2","turquoise",1
"CPLX1","red",6
"KATNB1","turquoise",1
"PTN","grey",0
"OCIAD2","turquoise",1
"ROCK1","grey",0
"TMBIM1","grey",0
"ELOVL6","turquoise",1
"ADCK2","turquoise",1
"TMEFF2","turquoise",1
"RASD1","turquoise",1
"MTMR7","turquoise",1
"NUDT7","turquoise",1
"ARMCX1","turquoise",1
"VPS26A","grey",0
"DZANK1","turquoise",1
"DNAJC9","turquoise",1
"ANP32B","brown",3
"RBM17","grey",0
"DEK","grey",0
"NIPBL","grey",0
"KCNH1","turquoise",1
"CRYL1","blue",2
"GNA12","brown",3
"KCNJ3","red",6
"EMC1","turquoise",1
"MFSD4A","turquoise",1
"PPT1","turquoise",1
"HMG20A","turquoise",1
"RNF11","turquoise",1
"KBTBD11","turquoise",1
"KSR1","brown",3
"PAM","turquoise",1
"SLC39A6","turquoise",1
"TRIM47","grey",0
"HDGFRP3","turquoise",1
"PRRT3","turquoise",1
"DYX1C1","turquoise",1
"UBASH3B","yellow",4
"CIPC","blue",2
"IL1RAPL1","brown",3
"HACD2","blue",2
"NR2F1","grey",0
"CADPS2","red",6
"JAK1","blue",2
"RDH11","turquoise",1
"MAPRE1","blue",2
"HNRNPUL1","green",5
"BOLA3","turquoise",1
"TRMT10B","yellow",4
"CABLES1","grey",0
"WASF3","grey",0
"COMMD1","blue",2
"PIP4K2B","turquoise",1
"PAQR3","turquoise",1
"EFNB2","blue",2
"LIX1","grey",0
"SEC61G","blue",2
"WAPL","grey",0
"KCNA3","turquoise",1
"PDLIM5","brown",3
"LMTK2","turquoise",1
"TERF2IP","turquoise",1
"VAPB","turquoise",1
"GPC5","turquoise",1
"SNORA3A","grey",0
"SLITRK3","turquoise",1
"MSX1","grey",0
"ANXA2P1","grey",0
"TRAPPC6A","brown",3
"ARL4A","turquoise",1
"GLMN","turquoise",1
"KCNV1","turquoise",1
"TSC22D1","turquoise",1
"AP1S2","turquoise",1
"MICU2","blue",2
"ACOT7","turquoise",1
"VASN","grey",0
"ATPAF1","turquoise",1
"ACTR1B","turquoise",1
"BCL6","green",5
"AURKAIP1","turquoise",1
"ATXN7L3B","turquoise",1
"SYNGR3","turquoise",1
"CLCNKA","yellow",4
"RNF7","blue",2
"ATP2B4","turquoise",1
"SCARNA7","green",5
"GRAMD3","brown",3
"DDA1","turquoise",1
"SNORD113-3","turquoise",1
"KLHL3","yellow",4
"TTYH1","grey",0
"STMN3","turquoise",1
"FBXO28","turquoise",1
"FAM229B","brown",3
"CLIC1","grey",0
"TMEM9","turquoise",1
"PSMD6","blue",2
"TRAPPC4","blue",2
"COL11A1","turquoise",1
"TMEM183A","turquoise",1
"WNT10B","turquoise",1
"HSPB8","turquoise",1
"PDXP","turquoise",1
"LRCH3","green",5
"EIF4B","grey",0
"PPIL6","blue",2
"DAD1","grey",0
"ACO2","turquoise",1
"UBE2L6","grey",0
"VEZF1","brown",3
"MARCKSL1","brown",3
"MIR181C","grey",0
"COMMD3","blue",2
"PCLO","red",6
"GATB","turquoise",1
"NOMO1","turquoise",1
"PKIB","yellow",4
"NDUFB9","blue",2
"RANBP9","blue",2
"SEC11C","blue",2
"APPL2","yellow",4
"MMADHC","blue",2
"TCTEX1D2","turquoise",1
"CTXN3","turquoise",1
"CNST","turquoise",1
"PAG1","yellow",4
"SRGN","grey",0
"KIFAP3","turquoise",1
"S100A13","grey",0
"MTMR6","turquoise",1
"ANKS6","yellow",4
"VPS4B","blue",2
"AHI1","turquoise",1
"SNCG","turquoise",1
"TXNL1","turquoise",1
"ADGRB3","turquoise",1
"DRG1","blue",2
"FUBP1","blue",2
"FTO","turquoise",1
"ADO","turquoise",1
"HNRNPH2","blue",2
"SATL1","turquoise",1
"PNN","green",5
"KLHL12","turquoise",1
"EIF2S1","turquoise",1
"BAG3","grey",0
"KLHL7","turquoise",1
"MARC2","turquoise",1
"AFTPH","turquoise",1
"COPB1","blue",2
"HERC2","blue",2
"ARV1","turquoise",1
"NUDT14","turquoise",1
"KIDINS220","blue",2
"ENDOV","turquoise",1
"ZNF292","green",5
"TSPAN9","yellow",4
"DCTN6","turquoise",1
"CAMSAP1","turquoise",1
"NKX2-2","brown",3
"IPO11","turquoise",1
"MRPS36","turquoise",1
"DUSP14","turquoise",1
"ZNF280B","turquoise",1
"QSOX2","grey",0
"FEZ1","turquoise",1
"NDUFS8","turquoise",1
"TRPM6","brown",3
"CKB","blue",2
"ZNF395","grey",0
"ENTPD3","turquoise",1
"GLOD4","turquoise",1
"MPC2","turquoise",1
"SLITRK1","turquoise",1
"ANAPC13","turquoise",1
"KITLG","turquoise",1
"FMNL2","grey",0
"HAPLN4","turquoise",1
"MRPL47","blue",2
"USP17L27","turquoise",1
"TMC6","brown",3
"PSMA4","blue",2
"KDM1A","turquoise",1
"SEPP1","brown",3
"PARP2","turquoise",1
"PDE1C","brown",3
"SUMO3","turquoise",1
"TMEM150A","grey",0
"TSHZ3","turquoise",1
"PRKAR2B","turquoise",1
"RGS7","red",6
"MSRB2","turquoise",1
"KIAA1191","blue",2
"RBX1","blue",2
"C11orf58","blue",2
"SMG1P1","green",5
"PCID2","grey",0
"HIST2H2AA3","green",5
"SLTM","grey",0
"DHX29","blue",2
"NEBL","yellow",4
"WDR6","green",5
"SNRPB2","turquoise",1
"TUBA4B","turquoise",1
"DDX27","green",5
"ZMYM4","blue",2
"RAB9B","red",6
"TMEM181","turquoise",1
"GFRA1","turquoise",1
"ARHGAP12","blue",2
"NSG1","turquoise",1
"TJP1","brown",3
"ZBTB18","yellow",4
"PIP4K2A","brown",3
"PLEKHH1","brown",3
"SLC9A7","turquoise",1
"ZDHHC22","turquoise",1
"HSD17B12","turquoise",1
"TTC38","grey",0
"MAP3K7","turquoise",1
"TMEM178A","red",6
"CNEP1R1","blue",2
"UTP15","blue",2
"APITD1","turquoise",1
"DERA","blue",2
"QKI","brown",3
"ARMC8","yellow",4
"KSR2","red",6
"GUK1","blue",2
"BEX3","turquoise",1
"CLK1","green",5
"COL5A3","grey",0
"TMEM196","turquoise",1
"MEST","turquoise",1
"MFSD3","turquoise",1
"KLHL2","turquoise",1
"ZNF680","blue",2
"KCNJ6","red",6
"WSCD2","yellow",4
"SC5D","turquoise",1
"DYNLRB1","turquoise",1
"CCP110","brown",3
"RNF219","turquoise",1
"FAM136A","turquoise",1
"GRM2","turquoise",1
"APLP1","brown",3
"RBM12B","yellow",4
"N4BP2L2","blue",2
"FOXO4","brown",3
"BCKDHA","blue",2
"SNRNP25","blue",2
"TP53I13","brown",3
"NIPAL3","grey",0
"CDK11B","green",5
"COPS7A","turquoise",1
"TTC3","green",5
"RNF182","blue",2
"ENPP2","brown",3
"MAG","brown",3
"POLR3D","turquoise",1
"PPP2R5D","turquoise",1
"SH3GLB2","turquoise",1
"ARGLU1","blue",2
"KLHDC2","turquoise",1
"CDKN1B","grey",0
"TFDP1","blue",2
"CAPZB","turquoise",1
"CAMLG","turquoise",1
"ATP1B2","grey",0
"PTPMT1","blue",2
"CLSTN1","red",6
"BAALC","turquoise",1
"HDAC9","turquoise",1
"DDIT4","grey",0
"FLCN","yellow",4
"MCM7","yellow",4
"BMP7","grey",0
"ARF5","turquoise",1
"HHIP","brown",3
"ATP6V0D1","turquoise",1
"HIRA","grey",0
"GPRIN3","yellow",4
"GCSAML","green",5
"LIFR","grey",0
"CLTB","turquoise",1
"ZIC1","yellow",4
"PHLDB1","brown",3
"UQCRBP1","blue",2
"FNDC3A","blue",2
"TUBA3C","turquoise",1
"PI4KAP2","turquoise",1
"SCPEP1","turquoise",1
"RAB15","red",6
"KLF15","grey",0
"TXNDC9","blue",2
"BABAM1","turquoise",1
"TIAM1","yellow",4
"SALL2","yellow",4
"CDH2","turquoise",1
"ARAP2","brown",3
"COX7B","blue",2
"DAZAP2","blue",2
"RPS27A","grey",0
"FAM198B","grey",0
"RPRM","turquoise",1
"VPS13C","green",5
"ZC3H15","turquoise",1
"CXADR","turquoise",1
"BIN1","brown",3
"GLYR1","blue",2
"B3GLCT","turquoise",1
"ZBTB7C","turquoise",1
"LINC00094","turquoise",1
"LAMP2","brown",3
"ATP5F1","turquoise",1
"SLC25A23","turquoise",1
"SPHKAP","red",6
"ITGA10","grey",0
"PPP1R1A","turquoise",1
"RPS27L","grey",0
"MARK1","turquoise",1
"ZCCHC24","brown",3
"SPECC1L","yellow",4
"DMXL1","blue",2
"IFITM3","grey",0
"TM9SF2","blue",2
"GMPS","blue",2
"ZC2HC1A","turquoise",1
"C12orf10","turquoise",1
"LRRN3","turquoise",1
"STAG1","yellow",4
"CDH10","turquoise",1
"BSN","turquoise",1
"CGN","yellow",4
"NRN1","turquoise",1
"FGFR1OP2","turquoise",1
"HAUS7","turquoise",1
"MTUS1","yellow",4
"DNMT1","blue",2
"CACNB3","turquoise",1
"ZNF775","grey",0
"FERMT2","blue",2
"CHMP4A","blue",2
"DDX41","turquoise",1
"TGFBR2","grey",0
"LRRC37B","yellow",4
"CDH12","turquoise",1
"ARFGEF2","turquoise",1
"ME1","turquoise",1
"CNTN2","brown",3
"TMEM151A","turquoise",1
"PRPF18","turquoise",1
"FABP3","turquoise",1
"PLTP","grey",0
"HOMER1","turquoise",1
"DNM1","turquoise",1
"SORBS2","turquoise",1
"STK39","turquoise",1
"SAP30","blue",2
"UBE2K","turquoise",1
"NKAIN2","turquoise",1
"LANCL2","turquoise",1
"UBE2Q2","turquoise",1
"LHPP","brown",3
"RAN","turquoise",1
"PPP2R2C","turquoise",1
"NIPSNAP3A","turquoise",1
"RSPH1","turquoise",1
"DFNA5","turquoise",1
"INSIG2","turquoise",1
"ANXA5","brown",3
"FADS1","blue",2
"NIF3L1","turquoise",1
"MRPS30","turquoise",1
"CYP51A1","turquoise",1
"PDCL3","blue",2
"TMEM258","blue",2
"KCNMB4","brown",3
"UBXN4","blue",2
"TSPAN5","turquoise",1
"RAB6C","turquoise",1
"VGF","turquoise",1
"HADH","turquoise",1
"PTPN2","grey",0
"RIMS1","turquoise",1
"WASL","turquoise",1
"THEMIS","turquoise",1
"RASGRF2","turquoise",1
"STON2","brown",3
"PRUNE2","turquoise",1
"CCSER2","turquoise",1
"SELM","turquoise",1
"ANO6","grey",0
"BAZ2B","grey",0
"ATP5C1","turquoise",1
"KCNJ2","brown",3
"HN1","turquoise",1
"UNC79","red",6
"DICER1","brown",3
"USP17L6P","turquoise",1
"NR1H3","brown",3
"YARS2","turquoise",1
"LIME1","green",5
"DNAJA4","turquoise",1
"OLIG2","brown",3
"UQCRB","blue",2
"PNRC1","yellow",4
"OPTN","turquoise",1
"FOXRED1","turquoise",1
"DAAM1","turquoise",1
"ASPH","grey",0
"ID4","grey",0
"NME7","blue",2
"EPS8","grey",0
"CEP126","turquoise",1
"PID1","turquoise",1
"PEG10","turquoise",1
"TBPL1","turquoise",1
"SCAI","turquoise",1
"SLITRK2","turquoise",1
"MDGA1","yellow",4
"PLEKHB2","turquoise",1
"NBEA","turquoise",1
"SNORD114-11","red",6
"WDR54","turquoise",1
"PHYHIPL","turquoise",1
"MOG","brown",3
"ERP44","yellow",4
"BCAS4","turquoise",1
"KTN1","grey",0
"NCAN","turquoise",1
"CCNY","turquoise",1
"GON7","turquoise",1
"DNAJC10","turquoise",1
"CRIPT","grey",0
"PDHX","blue",2
"MAPRE3","turquoise",1
"TMEM147","blue",2
"ATP5L","blue",2
"GFM1","blue",2
"ATP5J2","turquoise",1
"NOL7","blue",2
"ACBD6","blue",2
"EDIL3","brown",3
"CEBPB","turquoise",1
"ADGRL3","turquoise",1
"MRPS34","brown",3
"UAP1","turquoise",1
"MTIF2","blue",2
"ATMIN","turquoise",1
"C1orf162","grey",0
"S1PR3","grey",0
"TMEM237","turquoise",1
"GRM8","turquoise",1
"PLD3","turquoise",1
"TSC22D3","grey",0
"ATP6V0E1","brown",3
"DCDC2","turquoise",1
"P2RY1","grey",0
"PLIN3","brown",3
"PEBP1","turquoise",1
"TPD52L1","brown",3
"TMTC2","brown",3
"TMEM115","grey",0
"SIRPA","turquoise",1
"COPA","turquoise",1
"RALB","blue",2
"TENM1","yellow",4
"PRODH","grey",0
"STOM","grey",0
"PALM","grey",0
"PABPC1","grey",0
"GPM6A","turquoise",1
"LRRK2","turquoise",1
"GPR135","yellow",4
"ARL6IP5","turquoise",1
"DTNB","turquoise",1
"INPP1","blue",2
"NUDT9","turquoise",1
"C1orf198","brown",3
"CD2BP2","turquoise",1
"METAP1","turquoise",1
"EFEMP2","grey",0
"CNTN3","turquoise",1
"SUSD1","turquoise",1
"BRD7P3","grey",0
"LCOR","yellow",4
"TMEM33","turquoise",1
"THEM6","turquoise",1
"PARVA","blue",2
"CDC37L1","turquoise",1
"COL5A2","turquoise",1
"SLC25A33","blue",2
"NDUFAF5","turquoise",1
"HEXB","blue",2
"KDELC2","grey",0
"KHNYN","green",5
"ELK4","green",5
"MRPL17","turquoise",1
"FTL","brown",3
"RPL9","grey",0
"TMEM2","green",5
"WDR33","yellow",4
"SHROOM2","turquoise",1
"TRIM9","red",6
"NAPEPLD","turquoise",1
"P4HTM","turquoise",1
"PACRG","turquoise",1
"HCFC1R1","turquoise",1
"SMARCA1","turquoise",1
"PPM1K","blue",2
"NENF","brown",3
"PAMR1","turquoise",1
"MAP7","brown",3
"CNDP2","brown",3
"SERINC3","turquoise",1
"SMOX","green",5
"TUBA1A","brown",3
"TM2D3","turquoise",1
"CD200","turquoise",1
"HOOK1","red",6
"SNORD57","green",5
"CSPG4","brown",3
"DDX5","blue",2
"CDC42BPG","green",5
"FARP1","grey",0
"B4GALT1","grey",0
"LSM8","grey",0
"TIMP4","yellow",4
"TMEM128","turquoise",1
"TALDO1","blue",2
"PBX1","turquoise",1
"CACNB4","red",6
"HCFC2","turquoise",1
"SARS","turquoise",1
"NBPF1","yellow",4
"TMEM87A","blue",2
"TMCO1","blue",2
"ULK1","grey",0
"GLTP","brown",3
"KLHDC8B","blue",2
"TIAF1","green",5
"TAF4B","turquoise",1
"TXNDC15","turquoise",1
"PHIP","yellow",4
"SLC12A2","brown",3
"FAM110B","turquoise",1
"PRR18","brown",3
"SDCBP","blue",2
"PLEKHA2","turquoise",1
"MOXD1","turquoise",1
"LIMA1","yellow",4
"RSC1A1","grey",0
"RHOU","brown",3
"PLLP","brown",3
"ARHGAP39","grey",0
"TBC1D13","turquoise",1
"OSBPL1A","turquoise",1
"CROCCP2","green",5
"TAF10","turquoise",1
"LDLRAP1","yellow",4
"NME9","yellow",4
"PAQR4","brown",3
"RHOBTB3","brown",3
"POLR2K","turquoise",1
"PNPO","turquoise",1
"PHF14","turquoise",1
"NPIPA1","green",5
"SLC24A2","turquoise",1
"MTA3","turquoise",1
"MYO18A","brown",3
"IFITM2","grey",0
"RBMS1","turquoise",1
"FMC1","blue",2
"EFHD1","brown",3
"JAZF1","turquoise",1
"HTR2A","turquoise",1
"C6orf120","blue",2
"MMP16","turquoise",1
"COPS4","turquoise",1
"SPATA7","turquoise",1
"DHX15","blue",2
"PAPLN","grey",0
"RAP1GDS1","turquoise",1
"TMEM263","blue",2
"PRPF38B","yellow",4
"TIGD7","blue",2
"ARMCX2","turquoise",1
"CDH18","red",6
"SV2A","turquoise",1
"COX6A1","turquoise",1
"DDX25","turquoise",1
"ST18","yellow",4
"BHLHE40","turquoise",1
"IP6K2","yellow",4
"VPS37A","yellow",4
"ENSA","turquoise",1
"GPER1","green",5
"KCNB2","turquoise",1
"FRYL","brown",3
"EPDR1","turquoise",1
"SMAD5","grey",0
"LPIN2","turquoise",1
"PLEKHM2","grey",0
"FAM167A","grey",0
"TLE2","yellow",4
"ILDR2","turquoise",1
"HMGB3","turquoise",1
"MCM3AP-AS1","grey",0
"PSMB6","blue",2
"TNFRSF1A","grey",0
"CCDC88A","brown",3
"C10orf82","grey",0
"ZNF536","brown",3
"USP17L28","turquoise",1
"KIAA0753","turquoise",1
"CYTH1","brown",3
"ENPP5","turquoise",1
"TXNDC17","blue",2
"ZC3H11A","green",5
"SLC4A4","grey",0
"EML3","grey",0
"ANXA6","turquoise",1
"PTPRD","grey",0
"PARP9","grey",0
"ADAM22","red",6
"SARS2","turquoise",1
"ESD","blue",2
"C9orf40","turquoise",1
"DUSP1","grey",0
"CMBL","turquoise",1
"TMBIM4","brown",3
"FTH1","turquoise",1
"PIGY","blue",2
"GRID2","yellow",4
"CLIP1","yellow",4
"MSI2","grey",0
"LGALS1","turquoise",1
"SPON1","grey",0
"CRMP1","brown",3
"ZNF622","turquoise",1
"SLMAP","blue",2
"IDS","turquoise",1
"TACC1","grey",0
"SLC1A4","grey",0
"FDX1L","turquoise",1
"ANOS1","turquoise",1
"MEIS1","yellow",4
"DIP2B","brown",3
"MEF2D","turquoise",1
"SEC61A2","turquoise",1
"IRF2BPL","blue",2
"FSTL5","red",6
"DMD","turquoise",1
"PTPN4","turquoise",1
"TXNIP","grey",0
"AKAP5","turquoise",1
"CBFB","brown",3
"RHOA","blue",2
"ZFC3H1","grey",0
"PSMA6","turquoise",1
"HSPA2","brown",3
"DPY19L2P1","turquoise",1
"ZMIZ2","green",5
"SERGEF","turquoise",1
"CDC123","turquoise",1
"PMM1","blue",2
"UBA5","turquoise",1
"TAC1","turquoise",1
"TLE4","brown",3
"RRAGB","turquoise",1
"HEATR5B","turquoise",1
"NEK10","turquoise",1
"SKIL","turquoise",1
"HERC6","turquoise",1
"CCDC14","turquoise",1
"ATXN1","turquoise",1
"USP17L24","turquoise",1
"PEX13","turquoise",1
"CCDC115","blue",2
"TMEM38A","turquoise",1
"PCDHGA11","yellow",4
"MRPL14","blue",2
"STK19","blue",2
"CSGALNACT1","turquoise",1
"ESPNL","green",5
"WNK1","brown",3
"PPP2R2B","turquoise",1
"ATP6V0E2","turquoise",1
"MARCH7","blue",2
"APPBP2","turquoise",1
"SYN1","turquoise",1
"NCKIPSD","turquoise",1
"PTPN13","turquoise",1
"LRRFIP2","grey",0
"ILF2","blue",2
"ARIH1","turquoise",1
"FAM107B","brown",3
"CTNND2","blue",2
"GPR158","red",6
"GLTSCR1L","turquoise",1
"RNF112","yellow",4
"PSRC1","brown",3
"USP17L30","turquoise",1
"ANKRD29","turquoise",1
"DENND3","turquoise",1
"CLDND1","brown",3
"NPFF","yellow",4
"PMS2CL","turquoise",1
"RCOR2","turquoise",1
"OPALIN","brown",3
"MAOA","grey",0
"KIAA0430","turquoise",1
"COPG1","turquoise",1
"RNY4","grey",0
"TENM4","turquoise",1
"NOTCH2NL","grey",0
"NDUFC1","blue",2
"PLCH1","turquoise",1
"SLC25A40","turquoise",1
"VAMP3","brown",3
"C11orf74","turquoise",1
"IL17RB","grey",0
"LGI3","turquoise",1
"PPP1CB","blue",2
"TMEM59L","turquoise",1
"AGO2","green",5
"IBTK","blue",2
"GRIN1","turquoise",1
"CHCHD10","turquoise",1
"MRPL45","turquoise",1
"MIEF1","turquoise",1
"CYP2J2","brown",3
"COPS2","turquoise",1
"ABCE1","turquoise",1
"B4GALT5","turquoise",1
"KCNH3","turquoise",1
"PSIP1","blue",2
"RRM2B","turquoise",1
"SOGA1","yellow",4
"SERTM1","turquoise",1
"EEF1E1","turquoise",1
"TUBA3E","turquoise",1
"ATP5EP2","blue",2
"NKX6-2","brown",3
"PPP1R26","turquoise",1
"SYNE1","yellow",4
"SHROOM4","brown",3
"RSPH3","turquoise",1
"SNX30","grey",0
"JARID2","grey",0
"C17orf97","turquoise",1
"CDH20","brown",3
"PFAS","turquoise",1
"SEL1L3","yellow",4
"TMA16","turquoise",1
"SRRM1","blue",2
"MARCH6","red",6
"NAA50","blue",2
"ERBB3","brown",3
"KAT6A","green",5
"PAFAH1B1","blue",2
"AGT","grey",0
"MRPS23","blue",2
"SPARC","grey",0
"ALDH4A1","grey",0
"ROBO2","turquoise",1
"SH3BP4","brown",3
"SMC3","blue",2
"GPR137B","grey",0
"DHFR2","turquoise",1
"PRKCQ-AS1","brown",3
"THAP10","turquoise",1
"TNFRSF21","turquoise",1
"ESYT1","turquoise",1
"ADCY1","turquoise",1
"GMNN","grey",0
"APEH","turquoise",1
"DDHD2","turquoise",1
"COL4A3BP","turquoise",1
"CALHM1","turquoise",1
"CDK12","grey",0
"SFXN1","turquoise",1
"STAT5B","green",5
"C21orf91","brown",3
"HERC2P2","green",5
"RN7SK","green",5
"ARL5B","turquoise",1
"CTNNA1","blue",2
"LRRC37A","green",5
"RNF181","blue",2
"CASC3","grey",0
"SURF1","blue",2
"SGSM2","turquoise",1
"SEMA6C","yellow",4
"AGPAT4","turquoise",1
"IL18BP","grey",0
"UQCRC1","turquoise",1
"HIPK2","brown",3
"SLC31A2","brown",3
"HNRNPLL","turquoise",1
"LIAS","turquoise",1
"DAPK1","turquoise",1
"P4HA2","grey",0
"KCNN3","brown",3
"ATP5E","blue",2
"RRM1","blue",2
"CDK2AP1","brown",3
"AXL","grey",0
"NCOA5","grey",0
"SH3BGRL2","turquoise",1
"TTC39C","turquoise",1
"TSSK3","yellow",4
"CAND2","turquoise",1
"CAPZA2","blue",2
"MLIP","turquoise",1
"CSPG5","blue",2
"CACNB1","turquoise",1
"ATP8A2","red",6
"SNAP23","grey",0
"LRCH1","yellow",4
"PRPF39","grey",0
"PHF3","grey",0
"CCT8","turquoise",1
"ACAD8","turquoise",1
"MYO9A","turquoise",1
"NECAB2","turquoise",1
"DAB2IP","green",5
"POLR2B","turquoise",1
"ATP5S","turquoise",1
"SMARCA2","turquoise",1
"CPSF1","green",5
"HSPH1","turquoise",1
"JOSD1","turquoise",1
"LRRC47","turquoise",1
"FNBP1","yellow",4
"RBM45","turquoise",1
"ZYG11B","turquoise",1
"RCN2","turquoise",1
"IMPDH1","grey",0
"TSR2","turquoise",1
"KCNA1","red",6
"CPNE5","turquoise",1
"CCSAP","turquoise",1
"ARL14EP","turquoise",1
"BMPER","turquoise",1
"TMEM206","brown",3
"C2CD2","turquoise",1
"AKAIN1","yellow",4
"SGTB","turquoise",1
"AQP1","brown",3
"TMEM183B","turquoise",1
"ZNF385B","turquoise",1
"CPVL","yellow",4
"EAPP","turquoise",1
"SOGA3","green",5
"PIK3R2","turquoise",1
"SRP72","turquoise",1
"GAB2","brown",3
"BECN1","turquoise",1
"FAM127A","turquoise",1
"PAM16","turquoise",1
"SEMA3B","brown",3
"CLDN10","grey",0
"BRF2","turquoise",1
"CD164","blue",2
"RNF220","turquoise",1
"MAPK6","turquoise",1
"PECAM1","grey",0
"TMEM14C","turquoise",1
"SMC5","green",5
"RDM1","grey",0
"GYPE","turquoise",1
"RCBTB1","brown",3
"CIB1","grey",0
"OST4","blue",2
"MGA","green",5
"KIAA1024","red",6
"SGK1","brown",3
"GNAO1","brown",3
"RPS19BP1","blue",2
"LPAR1","brown",3
"SNX17","turquoise",1
"HS3ST2","turquoise",1
"HIST1H4B","yellow",4
"LAMTOR3","blue",2
"MEGF10","brown",3
"SOD2","grey",0
"DNAJC27","turquoise",1
"RUNDC3A","turquoise",1
"DYNC1LI2","brown",3
"SYNJ2","brown",3
"MNS1","yellow",4
"DEPTOR","turquoise",1
"ZEB2","brown",3
"KIAA0556","blue",2
"AAGAB","turquoise",1
"STMN4","turquoise",1
"PRMT6","turquoise",1
"SERP2","turquoise",1
"ANO5","turquoise",1
"NR1D2","blue",2
"PDE1A","turquoise",1
"CABP1","turquoise",1
"IPW","red",6
"PDE1B","turquoise",1
"MKKS","turquoise",1
"CXXC1","green",5
"DACT1","yellow",4
"MAPK3","turquoise",1
"IDNK","blue",2
"KCNH7","turquoise",1
"LOC93622","blue",2
"TAS2R39","brown",3
"MRPL58","blue",2
"APP","brown",3
"IFNLR1","yellow",4
"CNRIP1","turquoise",1
"TRIM2","turquoise",1
"HBA2","grey",0
"TRAPPC12","blue",2
"JPH4","red",6
"MYL12B","blue",2
"FIG4","turquoise",1
"DGCR2","turquoise",1
"CCDC39","turquoise",1
"SLC39A1","brown",3
"DTD1","blue",2
"CCDC136","turquoise",1
"SMIM7","turquoise",1
"OSTF1","turquoise",1
"SHF","yellow",4
"SP4","yellow",4
"KLHL11","turquoise",1
"DENND5A","brown",3
"LSP1","grey",0
"MANBAL","grey",0
"SLC8A2","red",6
"NFIB","grey",0
"SWAP70","blue",2
"MCF2L2","grey",0
"C1orf52","turquoise",1
"AKIRIN2","turquoise",1
"PSME1","grey",0
"TPM2","grey",0
"ANK3","yellow",4
"CDR1","yellow",4
"TNFRSF11B","grey",0
"PXK","brown",3
"ASNSD1","blue",2
"PFKFB3","grey",0
"CDC37","turquoise",1
"TMEM51","yellow",4
"ASAP2","blue",2
"RPUSD2","turquoise",1
"RNA28S5","brown",3
"BPTF","yellow",4
"IL6ST","grey",0
"CHCHD2","turquoise",1
"KCNG3","turquoise",1
"MOV10","grey",0
"KCNJ16","grey",0
"SOX10","brown",3
"CAMK1G","turquoise",1
"ZC3H12B","turquoise",1
"NPL","grey",0
"RARRES3","brown",3
"IDH3B","blue",2
"MAB21L1","yellow",4
"TFCP2","blue",2
"TUBG2","turquoise",1
"ZFAS1","grey",0
"NDUFAF2","blue",2
"FAAP100","green",5
"OAF","turquoise",1
"FAM122B","blue",2
"TSG101","blue",2
"SAMM50","turquoise",1
"COL9A2","brown",3
"DCP2","turquoise",1
"RAD54L2","grey",0
"GYG1","blue",2
"USP24","yellow",4
"FBL","grey",0
"LMF1","turquoise",1
"LAMTOR1","blue",2
"TIMP3","grey",0
"MED10","turquoise",1
"PADI2","brown",3
"RPS26P11","yellow",4
"MBD6","green",5
"NAV3","turquoise",1
"ZP2","yellow",4
"KIAA0319","turquoise",1
"RPS24","blue",2
"EID2","turquoise",1
"CIRBP","turquoise",1
"BRSK1","turquoise",1
"C2CD5","turquoise",1
"NICN1","turquoise",1
"AJAP1","turquoise",1
"SLC6A1","turquoise",1
"NXPE3","brown",3
"RPL22","blue",2
"TBK1","blue",2
"TNNT2","turquoise",1
"ETNK1","turquoise",1
"SENP7","blue",2
"TBCB","turquoise",1
"FRG1","turquoise",1
"NET1","grey",0
"SFT2D1","blue",2
"CRYM","turquoise",1
"MX1","turquoise",1
"ANKRD20A4","turquoise",1
"DOCK9-AS2","turquoise",1
"DDX18","blue",2
"DTX3L","grey",0
"CAMK2D","turquoise",1
"GORASP2","turquoise",1
"PPA1","blue",2
"NDRG4","red",6
"CCZ1B","blue",2
"IL13RA1","grey",0
"GAB1","brown",3
"METTL5","turquoise",1
"NHP2","turquoise",1
"GTF2F2","blue",2
"LHFPL5","turquoise",1
"COL4A5","brown",3
"FYN","green",5
"ZNF483","turquoise",1
"SLCO1A2","brown",3
"HERC3","turquoise",1
"PTGES3L-AARSD1","turquoise",1
"SH3TC2","brown",3
"BCAT1","turquoise",1
"SEMA6A","brown",3
"MGAT1","grey",0
"CREB1","yellow",4
"LINC01512","grey",0
"PCDHAC1","yellow",4
"KCNIP2","turquoise",1
"CHMP1B","turquoise",1
"PRRG3","turquoise",1
"PMS2","turquoise",1
"MATR3","turquoise",1
"COLGALT2","brown",3
"SPG11","blue",2
"AIG1","turquoise",1
"FAM120AOS","blue",2
"SEPN1","grey",0
"ZCCHC17","turquoise",1
"RHOT1","turquoise",1
"SEMA5B","turquoise",1
"SLC41A2","turquoise",1
"CCAR1","turquoise",1
"ACAD11","brown",3
"BOLA2","turquoise",1
"TARDBP","yellow",4
"CHST6","grey",0
"DSTYK","turquoise",1
"MRPL18","turquoise",1
"MAP1A","turquoise",1
"NAMPT","grey",0
"LEO1","blue",2
"BCLAF1","turquoise",1
"C10orf54","grey",0
"SS18L1","grey",0
"BRINP1","turquoise",1
"CCNH","turquoise",1
"C5orf34","turquoise",1
"XKR4","turquoise",1
"ARID4B","yellow",4
"TAF15","grey",0
"GAR1","blue",2
"LARGE1","turquoise",1
"MSH5","grey",0
"DPY19L1","turquoise",1
"C4B","grey",0
"RBM18","turquoise",1
"EXOC8","turquoise",1
"RNF213","turquoise",1
"SNORD64","turquoise",1
"KAZN","green",5
"UPRT","turquoise",1
"EIF1B","turquoise",1
"CYB561","turquoise",1
"MLC1","grey",0
"KIAA0368","turquoise",1
"RAPGEF4","blue",2
"MSN","grey",0
"LINC00152","turquoise",1
"GSTZ1","grey",0
"SOX2","brown",3
"CDK7","turquoise",1
"DNAJB4","blue",2
"SURF2","turquoise",1
"POLR3GL","blue",2
"LTN1","blue",2
"STAG2","yellow",4
"MYRF","brown",3
"MT1A","brown",3
"LPGAT1","brown",3
"MT1G","brown",3
"SRSF11","blue",2
"CDC26","grey",0
"IFI27","grey",0
"ISOC1","turquoise",1
"PABPC1L2A","turquoise",1
"YAE1D1","grey",0
"PSMD10","turquoise",1
"LRRTM3","turquoise",1
"MGARP","yellow",4
"ANKRD17","blue",2
"KCNN2","turquoise",1
"VCP","turquoise",1
"CHRM1","turquoise",1
"AIF1L","brown",3
"UBL4A","turquoise",1
"PHKB","turquoise",1
"EHD1","green",5
"FBXO3","turquoise",1
"RGCC","brown",3
"FAM133B","turquoise",1
"VCPIP1","turquoise",1
"PLA2G16","brown",3
"RNU4ATAC","grey",0
"KCNIP4-IT1","red",6
"GPRC5C","green",5
"RASGRF1","red",6
"MYLIP","brown",3
"CDK20","turquoise",1
"CPSF6","grey",0
"SLCO1C1","grey",0
"SNCB","turquoise",1
"PTGES3","blue",2
"GSAP","turquoise",1
"F8","turquoise",1
"SEMA4D","brown",3
"PJA2","turquoise",1
"NOTCH3","grey",0
"PTBP3","blue",2
"DHX30","turquoise",1
"PAGR1","yellow",4
"UBE2Q2P1","grey",0
"KIAA0319L","turquoise",1
"CAPRIN1","turquoise",1
"MRPL50","blue",2
"AP1G2","green",5
"ARID5B","turquoise",1
"FAM174A","turquoise",1
"TAB3","turquoise",1
"MRPL2","turquoise",1
"SUN2","brown",3
"MRPS31","blue",2
"SAMD4B","brown",3
"DST","brown",3
"SH3GL3","brown",3
"CTDSPL2","grey",0
"FOXN2","brown",3
"LOC100131023","turquoise",1
"HES4","turquoise",1
"MCTS1","turquoise",1
"GNAI1","brown",3
"ADD3","grey",0
"GGCT","turquoise",1
"TIMM21","blue",2
"DPY19L4","blue",2
"CNNM3","green",5
"SNTA1","grey",0
"GIMAP4","grey",0
"CHCHD3","blue",2
"MAVS","green",5
"DPP6","red",6
"TJP2","brown",3
"DBT","turquoise",1
"TTTY20","grey",0
"HOOK3","turquoise",1
"PIGQ","grey",0
"BRWD3","yellow",4
"CALHM2","grey",0
"CEP85L","grey",0
"CACNB2","turquoise",1
"MARCH2","turquoise",1
"PAQR6","brown",3
"RPP38","green",5
"MED13L","yellow",4
"LINC01105","brown",3
"KRTAP5-1","green",5
"HMGCS1","turquoise",1
"CNP","brown",3
"NSD1","yellow",4
"TOB1","grey",0
"SLC38A6","turquoise",1
"PCDHGA5","grey",0
"KIF1C","brown",3
"ATP5G3","turquoise",1
"KIF5B","brown",3
"NBPF9","yellow",4
"ACOX1","grey",0
"TTLL7","brown",3
"KLHL15","turquoise",1
"OSBPL11","blue",2
"SORCS3","turquoise",1
"PLEKHG5","grey",0
"MYPOP","turquoise",1
"PAICS","blue",2
"CLIC4","brown",3
"RBM15","grey",0
"SNHG5","brown",3
"MAP4K5","brown",3
"C1orf64","grey",0
"PJA1","turquoise",1
"HHATL","brown",3
"BMI1","grey",0
"LIN7C","grey",0
"TPD52","turquoise",1
"RBM14","green",5
"CCDC3","turquoise",1
"ITM2B","blue",2
"MAP2K5","turquoise",1
"TESC","turquoise",1
"SDHD","blue",2
"SLC44A2","grey",0
"ZSWIM4","grey",0
"VPS53","red",6
"N4BP2L1","turquoise",1
"ABHD8","turquoise",1
"TMEM230","turquoise",1
"NPC1","brown",3
"MARK4","grey",0
"MT2A","brown",3
"KAT2A","grey",0
"ESAM","grey",0
"RBP4","turquoise",1
"SLC25A36","turquoise",1
"TOP1P1","blue",2
"MAP1B","red",6
"ARX","turquoise",1
"TMX3","turquoise",1
"RUSC2","turquoise",1
"SLC18A3","grey",0
"MNAT1","turquoise",1
"SLC38A2","grey",0
"PGM5-AS1","grey",0
"CYB5R3","brown",3
"DBNDD2","brown",3
"RAB9A","blue",2
"GLRA3","turquoise",1
"MED21","turquoise",1
"YBX3","grey",0
"MAL","brown",3
"B3GALNT1","turquoise",1
"CSNK1G3","turquoise",1
"TOP1P2","turquoise",1
"DUSP8","green",5
"SATB1","turquoise",1
"KIF13B","brown",3
"ZNF548","turquoise",1
"TRNP1","turquoise",1
"NNT","turquoise",1
"CPS1","turquoise",1
"NBPF10","yellow",4
"EXOC1","turquoise",1
"RC3H2","turquoise",1
"GNPDA1","turquoise",1
"BCAP29","turquoise",1
"GTF2H1","turquoise",1
"AP4E1","grey",0
"TMTC4","brown",3
"EXOSC9","turquoise",1
"PPM1H","turquoise",1
"GRM4","yellow",4
"GULP1","turquoise",1
"NPTX1","red",6
"ATF2","turquoise",1
"ANXA1","grey",0
"TAF9B","turquoise",1
"SLAMF7","grey",0
"ADNP","blue",2
"HBP1","yellow",4
"PPP1R9A","turquoise",1
"VPS33B","turquoise",1
"PIK3CB","turquoise",1
"MGAT3","turquoise",1
"SEC23B","blue",2
"VTA1","turquoise",1
"MRTO4","turquoise",1
"PHYHIP","turquoise",1
"AFF3","turquoise",1
"PPP3R1","turquoise",1
"AQP7P1","yellow",4
"ANKRD24","turquoise",1
"PCMTD2","grey",0
"STARD3NL","turquoise",1
"SYT7","grey",0
"SPOCK1","grey",0
"ARHGEF10L","grey",0
"RNY5","grey",0
"FXYD5","grey",0
"BOC","green",5
"SPA17","turquoise",1
"TSR3","brown",3
"GNB5","turquoise",1
"ABHD17C","turquoise",1
"TMEM170B","turquoise",1
"PTX4","grey",0
"RBM6","green",5
"HIP1","brown",3
"STX1A","turquoise",1
"MVB12A","brown",3
"SSR3","blue",2
"MAP6","turquoise",1
"LSM14B","grey",0
"LUZP1","turquoise",1
"MTCL1","yellow",4
"RHPN2","grey",0
"GFPT1","turquoise",1
"ACTN4","brown",3
"UBE2H","blue",2
"LAGE3","turquoise",1
"RGS6","turquoise",1
"SLC4A5","grey",0
"PDXDC2P","green",5
"PAFAH1B2","turquoise",1
"SPRED1","turquoise",1
"WARS","turquoise",1
"UTP11","turquoise",1
"CLK3","green",5
"FAM118B","blue",2
"PDE4DIP","green",5
"HHAT","turquoise",1
"TRIL","grey",0
"GRM3","brown",3
"NEMP2","yellow",4
"CYB5R1","turquoise",1
"SDHAF3","turquoise",1
"TCEAL1","turquoise",1
"MRPL24","blue",2
"CD93","grey",0
"RAB3GAP2","blue",2
"PTPRF","turquoise",1
"NAB1","grey",0
"SGK223","yellow",4
"H2AFV","yellow",4
"KIAA0513","red",6
"IGSF8","brown",3
"SVIP","turquoise",1
"SNORD114-30","red",6
"SNX14","blue",2
"LGALS14","grey",0
"LUC7L3","yellow",4
"TMEM185B","brown",3
"MIDN","grey",0
"GTF3C5","grey",0
"ALDH5A1","turquoise",1
"MAK16","turquoise",1
"CNKSR3","brown",3
"PELP1","brown",3
"XPOT","blue",2
"MBP","brown",3
"METTL13","turquoise",1
"KBTBD6","blue",2
"ECHDC2","yellow",4
"INPP4A","red",6
"NUDT2","turquoise",1
"HDDC3","turquoise",1
"RGS2","turquoise",1
"ST3GAL3","turquoise",1
"NIPSNAP1","turquoise",1
"SORBS1","grey",0
"ZNF189","turquoise",1
"GGH","turquoise",1
"FYCO1","brown",3
"DAAM2","brown",3
"CAMKK2","red",6
"FRMD4A","blue",2
"FLNB","grey",0
"VPS13A","turquoise",1
"RSBN1","turquoise",1
"RABL2B","turquoise",1
"RELL1","grey",0
"LHFP","yellow",4
"ICA1","turquoise",1
"PERP","grey",0
"RLIM","turquoise",1
"KIAA1456","yellow",4
"RHOXF2B","yellow",4
"ETS1","brown",3
"HIST1H4E","turquoise",1
"PCBP1","blue",2
"RPL36AL","grey",0
"IDH2","blue",2
"KXD1","turquoise",1
"LRRC42","blue",2
"LINC00938","grey",0
"STX6","turquoise",1
"APLP2","turquoise",1
"SPRYD7","turquoise",1
"CMTM6","grey",0
"TATDN2","turquoise",1
"ISLR","turquoise",1
"SLC5A3","grey",0
"SDAD1","turquoise",1
"USP6NL","blue",2
"RNPS1","turquoise",1
"CTNNB1","yellow",4
"PAPOLA","grey",0
"PLEKHA6","grey",0
"NPY","turquoise",1
"ASIC2","turquoise",1
"PTGR1","blue",2
"FAM179B","turquoise",1
"CBLN3","yellow",4
"NT5C","grey",0
"APLNR","grey",0
"TRAM1","blue",2
"SSBP2","turquoise",1
"CCDC28A","turquoise",1
"RUNDC3B","turquoise",1
"MAGI2","turquoise",1
"NUDT15","turquoise",1
"FAM214A","yellow",4
"WSCD1","yellow",4
